produk;merek;tipe;ukuran;harga
Polytron PLD32T7511;Polytron;LED;32;1648000
Sharp AQUOS LC-24LE170i;Sharp;LED;24;1091200
Sharp AQUOS LC-24LE175i;Sharp;LED;24;400000
Sharp AQUOS LC-32SA4100i;Sharp;LED;32;1945000
Polytron PLD32T710;Polytron;LED;32;1890000
Sharp AQUOS LC-40LE265M;Sharp;LED;40;650000
Samsung UA24H4150;Samsung;LED;24;1279000
TCL 40A3;TCL;LED, Smart TV;40;1100000
Sharp AQUOS LC-32LE180i;Sharp;LED;32;1775000
LG 43LM5500PTA;LG;LED;43;2989800
Sharp AQUOS LC-50LE580X;Sharp;LED, Smart TV;50;7099000
Polytron PLD20D901;Polytron;LED, Smart TV;20;1280000
Xiaomi Mi TV 4A 43;Xiaomi;LED, Smart TV;43;2950000
Xiaomi Mi TV 4A 32;Xiaomi;LED, Smart TV;32;1749000
Sharp AQUOS LC-40LE185i;Sharp;LED;40;3150000
Polytron PLD32T100;Polytron;LED;32;2485000
Sharp AQUOS LC-32LE185i;Sharp;LED;32;1894000
Polytron PLD24D901;Polytron;LED;24;1450000
Panasonic VIERA TH-32D302G;Panasonic;LED;32;1799000
Polytron PLD43V863;Polytron;LED;43;4100000
LG 32LK500BPTA;LG;LED;32;1735000
Polytron PLD40TS853;Polytron;LED;39;3409000
Coocaa 40S5G;Coocaa;LED, Smart TV;40;2499000
LG 43LH540T;LG;LED;43;3499000
Sharp AQUOS LC-24SA4100i;Sharp;LED;24;1180000
Polytron PLD43S863;Polytron;LED;43;3458000
Samsung UA232J4303;Samsung;LED, Smart TV;32;2699900
Samsung UA32FH4003;Samsung;LED;32;1924000
Polytron PLD32D100;Polytron;LED;32;1849000
LG 32LH570D;LG;LED, Smart TV;32;2275000
LG 22MT48AF-PT;LG;LED;20;1159000
Coocaa 50S5G;Coocaa;LED, Smart TV;50;4059000
Samsung 43K5002;Samsung;LED;43;3249000
Samsung UA32F4000;Samsung;LED;32;450000
Sharp Alexander Slim II 21DXS200MK2;Sharp;CRT;21;1599000
Polytron PLD40S153;Polytron;LED;39;2949000
Samsung UA43K5500;Samsung;LED, Smart TV;43;4000000
Sharp AQUOS LC-45LE280X;Sharp;LED;45;5310500
Polytron PLD20D9501;Polytron;LED;20;1148000
LG 65UJ632T;LG;LED, Smart TV;65;16695000
LG 42PN4500;LG;Plasma;42;8500000
Sharp AQUOS LC-32LE265i;Sharp;LED;32;2200000
Polytron PLD-22D900;Polytron;LED;22;1244000
LG 32LN5100;LG;LED;32;3306500
LG 32LB550A;LG;LED;32;210000
Sharp AQUOS LC-80XU930X;Sharp;LED;80;193999000
LG 20MT48AF-PT;LG;LED;20;1085000
Samsung UA40N5000;Samsung;LED;40;2799000
LG 24MT48AF-PT;LG;LED;24;1500000
Sharp AQUOS LC-55LE570X;Sharp;LED, Smart TV;55;13999000
TCL 40D2900;TCL;LED;40;2199000
Philips 40PFA4150;Philips;LED;40;1330000
Sony BRAVIA KDL-60W600B;Sony;LCD, Smart TV;60;16799000
TOSHIBA REGZA 32L3750;TOSHIBA;LED;32;1600000
Sharp AQUOS LC-50LE275X;Sharp;LED;50;6599000
Samsung UA65KU6000;Samsung;LED, Smart TV;65;23000000
Sony BRAVIA KDL-40W600B;Sony;LED, Smart TV;40;5512500
Polytron PLD40TV853;Polytron;LED;39;3383000
TCL D3000;TCL;LED;32;1474900
Panasonic VIERA TH-22D305G;Panasonic;LED;22;1099000
Changhong 32E6000i;Changhong;LED, Smart TV;32;1550000
Samsung UA49N5000;Samsung;LED;49;4599000
Sharp AQUOS LC-29LE507i;Sharp;LED;29;3384000
TOSHIBA REGZA 32L5650;TOSHIBA;LED, Smart TV;32;2449000
AKARI LE-32M88;AKARI;LED;32;1920000
Panasonic VIERA TH-32F306G;Panasonic;LED;32;1890000
Polytron PLD32D905;Polytron;LED;32;1849000
TCL 55E3;TCL;LED, Smart TV;55;3949000
Samsung LA19D400;Samsung;LCD;19;995000
LG 42LB550A;LG;LED;42;450000
Samsung UA48J5100AK;Samsung;LED;48;6399000
Sharp AQUOS LC-32LE295i;Sharp;LED;32;2395000
LG 32LB530A;LG;LED;32;2950000
Changhong 22C2600;Changhong;LED;22;615000
Samsung UA40J5000AK;Samsung;LED;40;4100000
Changhong LE40D1200;Changhong;LED;40;2199000
Samsung PS43D450A2M;Samsung;Plasma;42;3800000
TOSHIBA REGZA 32L1600;TOSHIBA;LED;32;1699000
Samsung UA32J4003;Samsung;LED;32;2199000
Panasonic VIERA TH-43C305G;Panasonic;LED;32;4199020
LG 49UB820T;Panasonic;LED, Smart TV;49;18999000
AKARI LE-40D88;AKARI;LED;39;2549000
Coocaa 32W4;Coocaa;LED;32;1519900
AQUA LE32AQT6500;AQUA;LED;32;1650000
Polytron PLD65D585;Polytron;LED;65;17499028
LG 43UJ632T;LG;LED, Smart TV;43;4899000
Changhong LE32D1000;Changhong;LED;32;1479000
TCL D2700;TCL;LED;32;2599000
LG 75UJ657T;LG;LED, Smart TV;75;35875000
Sharp AQUOS 4T-C40AH1X;Sharp;LED, Smart TV;40;4998000
LG 24LB450A;LG;LED;24;1848000
Sony BRAVIA KDL-50W800B;Sony;LED, Smart TV;50;9990000
Sharp AQUOS LC-40LE295i;Sharp;LED;40;3639000
TCL 32D2900;TCL;LED;32;1749028
Philips 32PHA4100S/70;Philips;LED;32;1599000
Samsung UA43NU7100;Samsung;LED, Smart TV;43;4049000
AQUA LE24AQT8300;AQUA;LED;24;1325000
LG 43LH511T;LG;LED;43;3919000
Sharp AQUOS 2T-C40AE1i;Sharp;LED, Smart TV;40;3499000
Coocaa 40S5C;Coocaa;LED, Smart TV;40;2499000
Changhong Led50D2200;Changhong;LED;50;3599000
Sharp AQUOS 4T-C50AH1X;Sharp;LED, Smart TV;50;6500000
Coocaa 32S5C;Coocaa;LED, Smart TV;32;1649000
Samsung UA70KU6000;Samsung;LED, Smart TV;70;25999000
Samsung UA32EH4003;Samsung;LED;32;2600000
Polytron PLD32D710;Polytron;LED;32;2219000
LG 42LF550A;LG;LED;42;550000
AKARI LE-20K88;AKARI;LED;20;1069000
TOSHIBA REGZA 24L1600;TOSHIBA;LED;24;1229000
TCL D2700;TCL;LED;24;1950000
Philips 32PHT4002S/70;Philips;LED;32;1749000
LG 49UJ632T;LG;LED, Smart TV;49;6799000
SANYO 24K40;SANYO;LCD;24;150000
Sharp AQUOS LC-24DC30M;Sharp;LCD;24;2359500
Coocaa Led 24E88;Coocaa;LED;24;999000
LG 32LH500D;LG;LED;32;2499000
Samsung UA58NU7103;Samsung;LED, Smart TV;58;8899000
Coocaa 40D3A;Coocaa;LED;40;1949000
TCL 32A3;TCL;LED, Smart TV;32;1799000
LG 43LJ500T;LG;LED;43;3485000
AKARI LE-55D88S;AKARI;LED, Smart TV;55;5199000
Polytron PLD24D810;Polytron;LED;24;1318000
Samsung UA24H4003;Samsung;LED;24;375000
LG 42LN5400;LG;LED;42;8256500
LG 32LF550A;LG;LED;32;2598000
Panasonic VIERA TH-32D306G;Panasonic;LED;32;5252700
TCL D2700;TCL;LED;50;3259000
LG 32LH510D;LG;LED;32;2550000
LG M2241A;LG;LCD;22;200000
Changhong Led29A6500;Changhong;LED;29;1505000
Samsung UA40EH5000;Samsung;LED;40;5999000
TOSHIBA REGZA 40L3750;TOSHIBA;LED;40;2920000
LG 19LS3300;LG;LED;19;1535000
Sharp AQUOS LC-40LE380X;Sharp;LED, Smart TV;40;6000000
Philips 50PUT6002S/70;Philips;LED;50;5700000
TCL D2700;TCL;LED;29;1275000
Changhong LE24B1000;Changhong;LED;24;1625000
AKARI LE-24K88ID;AKARI;LED;24;1144000
Panasonic VIERA TH-32C305G;Panasonic;LED;32;2416000
LG 65UJ652T;LG;LED, Smart TV;65;13199000
LG 40UB800T;LG;LED;40;7899000
Sharp AQUOS LC-60LE275X;Sharp;LED;60;11100000
Sony BRAVIA KD-65X9004A;Sony;LED;65;20245000
Polytron PLM32B21;Polytron;LCD;32;1990000
LG 43LF510T;LG;LED;43;4895000
Samsung UA50JS7200;Samsung;LED, Smart TV;50;9799000
TOSHIBA REGZA 32L2400;TOSHIBA;LED;32;1889000
Sony BRAVIA KDL-40R350B;Sony;LED;40;4139000
Polytron PLD22D1150;Polytron;LED;22;1299000
AKARI LE-32V99T2;AKARI;LED;32;1400000
Coocaa Led 32E60;Coocaa;LED;32;2799000
LG 49UK6300PTE;LG;LCD, Smart TV;49;5392500
TOSHIBA REGZA 43L3750;TOSHIBA;LED;43;3399000
Samsung UA49K6300;Samsung;LED, Smart TV;49;6995000
LG 29MT48AF-PT;LG;LED;29;1975000
TOSHIBA REGZA 40L5650;TOSHIBA;LED, Smart TV;40;3399000
LG 32LS3400;LG;LED;32;2150000
Samsung UA43J5100;Samsung;LED;43;4244000
AQUA LE32AQT7000T;AQUA;LED;32;2199000
Coocaa Led 32E20;Coocaa;LED;32;1899000
Sharp AQUOS LC-50UE630X;Sharp;LED, Smart TV;50;12299000
Samsung UA40MU6100;Samsung;LED, Smart TV;40;4072800
Changhong LE24818;Changhong;LED;24;999000
Coocaa 24D3A;Coocaa;LED;24;999000
TOSHIBA REGZA 50L5550;TOSHIBA;LED, Smart TV;50;8900000
Samsung UA50KU6000;Samsung;LED, Smart TV;50;7195000
Samsung UA32EH4003M;Samsung;LED;32;2950000
Polytron PLD20D302;Polytron;LED;20;1229000
LG 32LB563D;LG;LED;32;2999000
TOSHIBA REGZA 24L3750;TOSHIBA;LED;24;1249000
LG 60LF630T;LG;LED, Smart TV;60;22499000
Changhong LE32880;Changhong;LED;32;1698000
Philips 39PHA4251S;Philips;LED;39;2929000
Changhong 50E6000HFT;Changhong;LED;50;4247100
LG 43UJ652T;LG;LED, Smart TV;43;5665000
LG 55UJ632T;LG;LED, Smart TV;55;9900000
LG 32LJ550D;LG;LED, Smart TV;32;3675000
LG 98UB980T;LG;LED, Smart TV;98;275000000
LG 55UJ652T;LG;LED, Smart TV;55;9099388
Samsung UA55J5500;Samsung;LED, Smart TV;55;15489000
Samsung UA55K5500;Samsung;LED, Smart TV;55;9999000
LG 22TK420A-PT;LG;LED;22;1289000
AKARI LE-25B88;AKARI;LED;25;1239000
Changhong 40E6000HFT;Changhong;LED;40;2699000
Samsung UA75JU6400;Samsung;LED, Smart TV;75;36565000
AKARI LE-4099T2;AKARI;LED;40;2479000
LG 50UF830T;LG;LED, Smart TV;50;14500000
Samsung UA49KU6300;Samsung;LED, Smart TV;49;7265000
AKARI LE-32D88;AKARI;LED;32;1990000
Polytron PLD24D800;Polytron;LED;24;1999000
AKARI LE-32V90;AKARI;LED;32;1599000
Coocaa 50G2;Coocaa;LED, Smart TV;50;5950000
AKARI LE-50D88ID;AKARI;LED;50;4790000
Samsung UA55JS7200;Samsung;LED, Smart TV;55;15250000
AKARI SC-52V32;AKARI;LED, Smart TV;32;1789000
LG 40UF770T;LG;LED, Smart TV;40;7299000
LG 39LN5400;LG;LED;39;650000
Sharp AQUOS 4T-C60AH1X;Sharp;LED, Smart TV;60;10999000
AKARI LE-3289T2;AKARI;LED;32;1699000
LG 32LK450;LG;LCD;32;1849000
Samsung The Frame 2019 QA55LS03;Samsung;QLED, Smart TV;55;14699300
LG 43LF540T;LG;LED;43;4350000
Sharp AQUOS LC-40LE275X;Sharp;LED;40;9550000
LG 50LB582T;LG;LED, Smart TV;50;18000000
Philips 24PHA4100S/70;Philips;LED;24;1399000
Polytron PLD24T810W;Polytron;LED;24;1400000
AKARI LE-32K88;AKARI;LED;32;1888000
Samsung QA65Q8C;Samsung;QLED, Smart TV;65;32795000
TOSHIBA REGZA 24L2600;TOSHIBA;LED;24;1498000
AQUA LE40AQT8300;AQUA;LED;40;3395000
TCL D2700;TCL;LED;48;5457750
AKARI LE-32AK30;AKARI;LED;32;2150000
TOSHIBA REGZA 40L5550;TOSHIBA;LED, Smart TV;40;4999000
Samsung UA43KU6000;Samsung;LED, Smart TV;43;6299000
LG 55SJ800T;LG;LED, Smart TV;55;9199000
TOSHIBA REGZA 40L2400;TOSHIBA;LED;40;5499000
LG 42LM6200;LG;LED, Smart TV;42;8499000
LG 29MT47A;LG;LED;29;2799000
Samsung 40F5000;Samsung;LED;40;4365000
Polytron PLD22D110;Polytron;LED;22;1389000
Polytron PLD32T500;Polytron;LED;32;2269000
Samsung UA40KU6300;Samsung;LED, Smart TV;40;6145000
TCL D2700;TCL;LED;20;1320550
AKARI LE-4399T2SB;AKARI;LED;43;3149000
TOSHIBA REGZA 32L5400;TOSHIBA;LED, Smart TV;32;4950000
TOSHIBA REGZA 43L3650;TOSHIBA;LED;43;4490000
LG 42UB820T;LG;LED, Smart TV;42;8899000
Sharp AQUOS LC-60UA6800X;Sharp;LED, Smart TV;60;11000000
Samsung UA65MU8000;Samsung;LED, Smart TV;65;15495000
Changhong LE19D1000;Changhong;LED;19;1349000
Changhong LE39B2500;Changhong;LED;39;2199000
LG 43UH650T;LG;LED, Smart TV;43;5495000
LG 43UH610T;LG;LED, Smart TV;43;5550000
Samsung QA55Q7F;Samsung;QLED, Smart TV;55;14750000
LG 55UH650T;LG;LED, Smart TV;55;6999000
Samsung QA55Q8C;Samsung;QLED, Smart TV;55;18295000
TOSHIBA REGZA 32P2400VT;TOSHIBA;LED;32;3166500
LG 20LB450A;LG;LED;20;1200000
LG 43LH500T;LG;LED;43;3800000
Samsung UA40K6300;Samsung;LED, Smart TV;40;5325000
Samsung UA48J5000AK;Samsung;LED;48;6609000
Samsung QA75Q8C;Samsung;QLED, Smart TV;75;65495000
Samsung UA32H4000;Samsung;LED;32;3499000
AKARI LE-20V89;AKARI;LED;20;1080000
AKARI LE-32V99SM;AKARI;LED, Smart TV;32;1899000
Samsung UA40J5100;Samsung;LED;40;4100000
Samsung UA40H5003;Samsung;LED;40;4539999
LG 32LF20;LG;LCD;32;1949000
TOSHIBA REGZA 32L3650;TOSHIBA;LED;32;2559000
LG 55SM8600PTA;LG;LED, Smart TV;55;12495000
LG 55UB820T;LG;LED, Smart TV;55;19900000
LG 43UF690T;LG;LED, Smart TV;43;8990000
LG 55SM8100PTA;LG;LED, Smart TV;55;10895000
TOSHIBA REGZA 43L5650;TOSHIBA;LED, Smart TV;43;4278000
LG OLed55B6T;LG;OLED, Smart TV;55;22439000
Samsung UA55JU7500;Samsung;LED, Smart TV;55;8995000
AKARI LE-32P88;AKARI;LED;32;1475000
Sanken SL-E32;SANKEN;LED;32;2039000
TOSHIBA REGZA 49U7650;TOSHIBA;LED, Smart TV;49;7990000
Samsung UA32J5500;Samsung;LED, Smart TV;43;5999000
LG 60UH650T;LG;LED, Smart TV;60;18500000
TOSHIBA REGZA 40L2550;TOSHIBA;LED;40;3738000
Samsung UA22H5003;Samsung;LED;22;2000000
LG 43LH570T;LG;LED, Smart TV;43;4798000
LG 65SM8100PTA;LG;LED, Smart TV;65;15899000
LG 39LB561T;LG;LED;39;4999000
Sharp AQUOS LC-58UE1M;Sharp;LED, Smart TV;58;19029000
Sony BRAVIA KD-55X9004A;Sony;LED;55;22299000
AKARI LE-43D99SBS;AKARI;LED;43;3549000
AQUA LE24AQT6500T;AQUA;LED;24;1499000
LG 49LF550T;LG;LED;49;7500000
AQUA LE32AQT9000;AQUA;LED;32;2450000
Samsung UA48J6300;Samsung;LED, Smart TV;48;9990000
LG 49UF850T;LG;LED, Smart TV;49;15000000
LG 55EG910T;LG;OLED, Smart TV;55;13499000
LG 65UH615T;LG;LED, Smart TV;65;16999000
Samsung UA32D4003;Samsung;LED;32;2150000
LG 49UH610T;LG;LED, Smart TV;49;6500000
LG 42LB582T;LG;LED, Smart TV;42;7499900
LG 24LF450A;LG;LED;24;1650000
Samsung 32F5500;Samsung;LED;32;5200000
Sony BRAVIA KD-65A8F;Sony;OLED, Smart TV;65;38000000
TOSHIBA REGZA 40L3650;TOSHIBA;LED;40;4080000
TOSHIBA REGZA 49L3750;TOSHIBA;LED;49;5040000
LG 42UB700T;LG;LED, Smart TV;42;9990000
Samsung QA65Q9F;Samsung;QLED, Smart TV;65;32499000
AKARI SC-52V40;AKARI;LED, Smart TV;40;2800000
LG 43UF640T;LG;LED, Smart TV;43;7399000
Samsung UA48JU6000;Samsung;LED, Smart TV;48;10599000
Samsung UA60J6200;Samsung;LED, Smart TV;60;16129000
Samsung UA65JS9000;Samsung;LED, Smart TV;65;35300000
Samsung UA40J6300;Samsung;LED, Smart TV;40;9107000
LG 55UH615T;LG;LED, Smart TV;55;9974050
Changhong LE19868;Changhong;LED;19;1250000
LG 24LB452A;LG;LED;24;1960000
Philips 40PFA4160S/98;Philips;LED;40;5249000
TOSHIBA REGZA 49L5650;TOSHIBA;LED, Smart TV;49;5447200
LG 43UF770T;LG;LED, Smart TV;43;10799000
LG 49LH511T;LG;LED;49;6225000
TOSHIBA REGZA 40L5400;TOSHIBA;LED, Smart TV;40;6960000
LG 55UB850T;LG;LED, Smart TV;55;17899000
AKARI LE-50D99SBS;AKARI;LED;50;3999000
LG 55UH600T;LG;LED, Smart TV;55;8199028
TOSHIBA REGZA 55L5550;TOSHIBA;LED, Smart TV;55;9999000
AKARI SC-52V43;AKARI;LED, Smart TV;43;3250000
TOSHIBA REGZA 32L2550;TOSHIBA;LED;32;3809000
TOSHIBA REGZA 50L2550;TOSHIBA;LED;50;8250000
TOSHIBA REGZA 43U7650;TOSHIBA;LED, Smart TV;43;5818000
Samsung UA48H5100;Samsung;LED;48;5925000
Samsung UA40JU6600;Samsung;LED, Smart TV;40;9435000
TOSHIBA REGZA 40L1600;TOSHIBA;LED;40;4195000
TOSHIBA REGZA 43U7750;TOSHIBA;LED, Smart TV;43;6495000
LG 49LF630T;LG;LED, Smart TV;49;9880000
Samsung QA65Q70R;Samsung;QLED, Smart TV;65;21500000
Samsung UA55MU8000;Samsung;LED, Smart TV;55;11999000
Samsung UA55JU6400;Samsung;LED, Smart TV;55;23000000
LG 55UF850T;LG;LED, Smart TV;55;25398844
Samsung UA32J5100;Samsung;LED;32;4500000
LG 49LH570T;LG;LED, Smart TV;49;6850000
LG 65SM8600PTA;LG;LED, Smart TV;65;17900000
LG 84UB980T;LG;LED, Smart TV;84;119000000
LG 49LH540T;LG;LED, Smart TV;49;10499000
Samsung UA55KU6500;Samsung;LED;55;12985000
Samsung UA55JU6000;Samsung;LED, Smart TV;55;13109000
Samsung UA48JU7500;Samsung;LED, Smart TV;48;19900000
Samsung QA75Q9F;Samsung;QLED, Smart TV;75;54495000
Samsung UA49MU8000;Samsung;LED, Smart TV;49;10900000
Sony BRAVIA KD-55A8F;Sony;OLED, Smart TV;55;23625000
LG OLed65E6T;LG;OLED, Smart TV;65;45690000
AKARI LE-5099T2SB;AKARI;LED;50;3999000
Sharp AQUOS LC-70XU830X;Sharp;LED;70;133999000
LG 32LF595D;LG;LED, Smart TV;32;5299000
Mito 3255;Mito;LED;32;1395000
LG 32LM550BPTA;LG;LED;32;1898000
Samsung 40F6100;Samsung;LED;40;5500000
TOSHIBA REGZA 50L4300VT;TOSHIBA;LED, Smart TV;50;15000000
LG 75UK6500PTB;LG;LED, Smart TV;75;19999000
LG 65SJ850T;LG;LED, Smart TV;65;22400000
Samsung LA32B530;Samsung;LCD;32;2699000
Samsung UA40KU6000;Samsung;LED, Smart TV;40;5899000
TOSHIBA REGZA 47L2400;TOSHIBA;LED;47;8000000
LG 49SJ800T;LG;LED, Smart TV;49;10290000
LG 55EA970T;LG;OLED, Smart TV;55;25990000
Samsung UA65JU6600;Samsung;LED, Smart TV;65;37222501
LG 49UH650T;LG;LED, Smart TV;49;9000000
LG 60UH770T;LG;LED, Smart TV;60;9788000
LG 55UH850T;LG;LED, Smart TV;55;14995000
TOSHIBA REGZA 55L5400;TOSHIBA;LED, Smart TV;55;16999000
Panasonic VIERA TH-49EX600G;Panasonic;LED, Smart TV;49;10089000
Samsung UA55JS9000;Samsung;LED, Smart TV;55;29999000
LG 65UB950T;LG;LED, Smart TV;65;34990000
LG 86UH955T;LG;LED, Smart TV;86;127500000
Samsung QA55Q70R;Samsung;QLED, Smart TV;55;17500000
LG 43UF680T;LG;LED, Smart TV;43;5499000
LG 65LF630T;LG;LED, Smart TV;65;16300000
LG 43UK6500PTC;LG;LED;43;4950000
TOSHIBA REGZA 43L1600;TOSHIBA;LED;43;4995000
Samsung UA55ES6220;Samsung;LED;55;12696000
Samsung UA49M6300;Samsung;LED, Smart TV;49;8729000
LG 55SJ850T;LG;LED, Smart TV;55;12488000
LG OLed65B6T;LG;OLED, Smart TV;65;42000000
LG 49LB620T;LG;LED;49;11999000
TOSHIBA REGZA 24L3650;TOSHIBA;LED;24;2075750
Samsung UA65JU7500;Samsung;LED, Smart TV;65;15425000
Changhong L32H4;Changhong;LED, Smart TV;32;1729000
AKARI LE-29V89;AKARI;LED;29;1758000
LG 29MT45;LG;LED;29;1990000
Samsung UA32K4100;Samsung;LED;32;2619000
AKARI LE-65D88;AKARI;LED;65;9998000
LG 65UH650T;LG;LED, Smart TV;65;17995000
LG 55UB950T;LG;LED;55;20999000
Changhong U50H7;Changhong;LED, Smart TV;50;2300000
LG 65UB930T;LG;LED, Smart TV;65;32990000
Changhong L32H7;Changhong;LED, Smart TV;32;2099000
LG 55UH770T;LG;LED, Smart TV;55;13200000
LG 86UK6500PTB;LG;LED, Smart TV;86;58000000
AKARI LE-29P57ID;AKARI;LED;29;1675000
TOSHIBA REGZA 23S2400;TOSHIBA;LED;23;2599000
Changhong L24G3;Changhong;LED;24;999000
AKARI LE-40P88;AKARI;LED;40;2999000
LG 49UH770T;LG;LED, Smart TV;49;12975000
Samsung QA65Q7F;Samsung;QLED, Smart TV;65;27495000
LG 43UM7100PTA;LG;LED, Smart TV;43;4699000
LG 49UF680T;LG;LED, Smart TV;49;13999000
LG 49UF670T;LG;LED;49;12990000
LG 55UF680T;LG;LCD, Smart TV;55;19999000
Samsung LA-B530;Samsung;LCD;46;20100000
LG 79UF770T;LG;LED, Smart TV;79;64999000
LG 28TK430V-PT;LG;LED;28;1649000
LG 43LM5700PTC;LG;LED, Smart TV;43;4075800
TOSHIBA Regza 40PU200T;TOSHIBA;LED;40;4475000
LG 43UM7300PTA;LG;LED, Smart TV;43;4900000
LG 55LF550T;LG;LED;55;9399000
Samsung UA49KS7000;Samsung;LED, Smart TV;49;14978930
LG 60UB820T;LG;LED, Smart TV;60;18599000
LG 28TL430V-PT;LG;LED;28;1649000
Sharp AQUOS LC-40LE600M;Sharp;LCD;40;4723000
LG 65UF670T;LG;LED;65;31250000
LG 43LK5400PTA;LG;LED, Smart TV;43;4360500
LG 55LH575T;LG;LED, Smart TV;55;9000000
Samsung UA48H8000AK;Samsung;LED;48;18500000
Panasonic VIERA TH-32E302;Panasonic;LED;32;1370000
LG 32LJ500D;LG;LED;32;1859000
Panasonic VIERA TH-43F305G;Panasonic;LED;43;3199000
Sony BRAVIA KDL-40W650D;Sony;LED, Smart TV;40;4313000
LG 43LJ550T;LG;LED, Smart TV;43;4099000
Panasonic VIERA TH-40F305G;Panasonic;LED;40;2809000
Sony BRAVIA KLV-32R302C;Sony;LED;32;2634000
Panasonic VIERA TH-55E306;Panasonic;LED;55;7685000
Panasonic VIERA TH-24E303;Panasonic;LED;24;1499000
Sony BRAVIA KDL-48W650D;Sony;LED, Smart TV;48;5356000
Sony BRAVIA KDL-55W650D;Sony;LED, Smart TV;55;7899000
Sony BRAVIA KLV-40R352C;Sony;LED;40;3799000
Panasonic VIERA TH-43EX400;Panasonic;LED, Smart TV;43;4899000
Panasonic VIERA TH-49EX400;Panasonic;LED, Smart TV;49;7499000
LG 49LF540T;LG;LED;49;6789000
Sony BRAVIA KD-55X8000E;Sony;LED, Smart TV;55;8288000
Sony BRAVIA KD-43X8000E;Sony;LED, Smart TV;43;6995000
Panasonic VIERA TH-49FX700G;Panasonic;LED, Smart TV;49;11399000
Sony BRAVIA KD-75X8500F;Sony;LED, Smart TV;75;29099000
LG 32LF520A;LG;LED;32;2599000
LG 86SJ957T;LG;LED, Smart TV;86;102500000
Sony BRAVIA KD-49X8000E;Sony;LED, Smart TV;49;7138000
Sony BRAVIA KD-55X8500D;Sony;LED, Smart TV;55;10590000
Sony Bravia KDL-40EX650;Sony;LED;40;4799000
Panasonic VIERA TH-43E306;Panasonic;LED;43;4299000
Panasonic VIERA TH-43ES630G;Panasonic;LED, Smart TV;43;5999000
Panasonic VIERA TH-43EX600G;Panasonic;LED, Smart TV;43;5999000
Philips 49PFA4300S/70;Philips;LED;49;3800000
Samsung UA40M5000;Samsung;LED;40;3775000
Sony BRAVIA KDL-55HX750;Sony;LED;55;9775000
Panasonic VIERA TH-32E305;Panasonic;LED;32;1990000
LG 49LJ510T;LG;LED;49;5099000
Panasonic VIERA TH-55EX400;Panasonic;LED, Smart TV;55;11999000
Panasonic VIERA TH-55EX600G;Panasonic;LED, Smart TV;55;9499000
